model,accuracy,precision_macro,recall_macro,f1_macro,roc_auc
KNN,0.9333333333333333,0.899749373433584,0.9181818181818183,0.9062053690762591,0.9944926299628323
