model,accuracy,precision_macro,recall_macro,f1_macro,roc_auc
random_forest,0.96,0.9369747899159663,0.9347222222222222,0.9352142110762801,0.9960467671060891
